event_date,inst_date,pkg,utm_source,utm_campaign,utm_medium,utm_creative,utm_country,cv,user_id,template_id,edit_action,prev_action,tpl_action,result_action,ud_result_info,result_watermark,photo_action,eventCount
2022-10-20,2022-10-19,com.video.music.editor.maker,Organic,,,,ae,1.4.24,2640537fc22b21635a09002b38daed827318d69e,aebe,,,120,,,,,5
2022-10-20,2022-09-24,com.video.music.editor.maker,TikTok,catcut_中东_WSY_0930 (1745363009158177),0930_catcut_中东_WSY_优秀素材 (1745363010721809),catcut_in_220920_liaoluhui_1X1_boy04.mp4_002 (1745363019792402),ae,1.4.24,ce0c3a8b5f0d48d151d987c8c29fd394dfe2fe57,8a81,,,120,,,,,5
2022-10-20,2022-10-11,com.video.music.editor.maker,TikTok,catcut_gcc_出量_wl_02_0922 (1744665743244305),catcut_gcc_出量_wl_02_0922 (1744665736607762),pk_210830_chinweiyu_1X1_vido16.mp4_004 (1744665748789297),ae,1.4.24,5ad60c99eb3ba9a1c63d7d7e11fc631feb6e58f2,ceee,,,120,,,,,4
2022-10-20,2022-10-20,com.video.music.editor.maker,Unattributed,,,,ae,1.4.24,9515e6717592bb3e7af572482f372c49417a8b50,6b2e,,,120,,,,,3
2022-10-20,2022-09-24,com.video.music.editor.maker,TikTok,catcut_中东_WSY_0930 (1745363009158177),0930_catcut_中东_WSY_优秀素材 (1745363010721809),catcut_in_220920_liaoluhui_1X1_boy04.mp4_002 (1745363019792402),ae,1.4.24,ce0c3a8b5f0d48d151d987c8c29fd394dfe2fe57,9f5d34795cef4f3285e97e45fe02c7e3,,,120,,,,,3
2022-10-20,2022-10-19,com.video.music.editor.maker,Organic,,,,ae,1.4.24,0e9a45755a9c916f93bb348ce6ccd7d924103f44,6791,,,120,,,,,3
2022-10-20,2022-10-12,com.video.music.editor.maker,TikTok,catcut_AE_JY_1003_couple (1745644120189969),catcut_AE_JY_1003_couple_1t5 (1745644135555122),catcut_in_220920_liaoluhui_1X1_couple3.mp4_001 (1745644146555921),ae,1.4.24,4a6fc1fa8ce9b23ffe5387ba27770816393ab360,c69e150f22dc4f6894590d30de445955,,,120,,,,,2
2022-10-20,2022-10-13,com.video.music.editor.maker,TikTok,catcut_AE_JY_1003_couple (1745644120189969),catcut_AE_JY_1003_couple_1t5 (1745644135555122),catcut_in_220920_liaoluhui_1X1_couple3.mp4_001 (1745644146555921),ae,1.4.24,a6553543a646029af426391ccd1cf2385a481ed8,3d23,,,120,,,,,2
2022-10-20,2022-10-07,com.video.music.editor.maker,Bigo,catcut_中东_wsy_0930,catcut_中东_wsy_boy,iaoluhui_1X1_boy05.mp4,ae,1.4.24,463565de2d9937031aa2144f2b6ae19f05af7d59,4dc9,,,120,,,,,2
2022-10-20,2022-10-20,com.video.music.editor.maker,TikTok,catcut_中东_WSY_1012_zgp (1746296507642898),catcut_中东_WSY_1012 (1746451611893778),in_221010_zhangguiping_1X1_vido5.mp4_001 (1746451617354786),ae,1.4.24,d83e30db288b9da59bd661894e2ea935081c2f0f,de28,,,120,,,,,2
2022-10-20,2022-09-24,com.video.music.editor.maker,TikTok,catcut_mid_JY_0914_jingpin_chuliang (1743936836583458),catcut_mid_JY_0914_jingpin_chuliang (1743936836371473),vido03_chenweiyu_16X9_220728.mp4 (1743936845435906),ae,1.4.24,a091d3174d0eb8918efe5326a88873972751d13f,1894,,,120,,,,,2
2022-10-20,2022-10-19,com.video.music.editor.maker,Organic,,,,ae,1.4.24,0e9a45755a9c916f93bb348ce6ccd7d924103f44,ceee,,,120,,,,,2
2022-10-20,2022-10-11,com.video.music.editor.maker,TikTok,catcut_中东_wsy_1008 (1746102813884465),1008_catcut_中东_WSY (1746102815415394),09-超级月亮.mp4_003 (1746102820600881),ae,1.4.24,334d682850299dd6a28433ec9c3650628cac3014,ffac,,,120,,,,,1
2022-10-20,2022-10-09,com.video.music.editor.maker,Organic,,,,ae,1.4.24,26f71547e4c52b2fba6a132ca292510e3ef0ac38,4e0c,,,120,,,,,1
2022-10-20,2022-10-19,com.video.music.editor.maker,Organic,,,,ae,1.4.24,0e9a45755a9c916f93bb348ce6ccd7d924103f44,eb0f516a04654f61b0f5065c02002511,,,120,,,,,1
2022-10-20,2022-10-16,com.video.music.editor.maker,TikTok,catcut_阿联酋_WSY_1008 (1746102095237153),cc_阿联酋_WSY_1008 (1746102105288705),catcut_in_220920_liaoluhui_1X1_couple3.mp4_002 (1746102107907122),ae,1.4.24,86f48f5f0cca166a3db46f96e824a0ab0fb63d1c,f52c,,,120,,,,,1
2022-10-20,2022-09-29,com.video.music.editor.maker,TikTok,catcut_伊斯兰_WSY_0918_阿联酋 (1744272685038641),cc_沙特_WSY_0921 (1744505458052145),pk_210816_chenweiyu_1X1_vido03.mp4_002 (1744505458075681),ae,1.4.24,f045e6090ed2e5c90413e0d147edf8436d43d9bd,5e5f,,,120,,,,,1
2022-10-20,2022-10-07,com.video.music.editor.maker,TikTok,catcut_伊斯兰_WSY_0918_阿联酋 (1744272685038641),cc_沙特_WSY_0921 (1744505458052145),in_220825_chenweiyu_9X16_vido17+1.mp4_001 (1744505461196849),ae,1.4.24,ac4b0bb81ee5d2bc6596de7b0a1776c196859b96,dc63,,,120,,,,,1
2022-10-20,2022-10-14,com.video.music.editor.maker,Unattributed,,,,ae,1.4.24,2b4ebbbab87fdd1eb1dbf8f728f131b5061af19d,2e43cff53126425b9abadc6ea6dc78d9,,,120,,,,,1
2022-10-20,2022-10-12,com.video.music.editor.maker,TikTok,catcut_AE_JY_1003_couple (1745644120189969),catcut_AE_JY_1003_couple_1t5 (1745644135555122),catcut_in_220920_liaoluhui_1X1_couple3.mp4_001 (1745644146555921),ae,1.4.24,0074a2cb5b9c68971f4aafd6ffaa320a74bb0c87,959bfeaa66294bbab4ac5df744f48454,,,120,,,,,1
2022-10-20,2022-10-15,com.video.music.editor.maker,TikTok,catcut_ae_出量_wl_02_1004 (1745713530137634),catcut_ae_出量_wl_02_1004 (1745713528495122),in_220831_chenweiyu_9X16_vido3--24.mp4_002 (1745713538377730),ae,1.4.24,08d8065ce774428f46b73b9bceb4af04fb82b489,489c0c28c18a4ed1a309e1ecdbe3b0e5,,,120,,,,,1
2022-10-20,2022-10-12,com.video.music.editor.maker,TikTok,catcut_gcc_出量_wl_02_0921 (1744578549881857),catcut_gcc_出量_wl_02_0921 (1744578548646930),in_220902_chenweiyu_9X16_vido7-.mp4_001 (1744578562357298),ae,1.4.24,e3eeb5bd32ce20910f7fe969fb270ba0c4795a5c,64b4,,,120,,,,,1
2022-10-20,2022-10-11,com.video.music.editor.maker,Unattributed,,,,ae,1.4.24,972a3879a3cf7852d854c0a75b523ff6d6d4e27f,eeb5,,,120,,,,,1
2022-10-20,2022-10-19,com.video.music.editor.maker,Organic,,,,ae,1.4.24,0e9a45755a9c916f93bb348ce6ccd7d924103f44,1a07b910a30742f484c2e7fd7cb5382f,,,120,,,,,1
2022-10-20,2022-10-12,com.video.music.editor.maker,TikTok,catcut_ae_出量_wl_02_1004 (1745713530137634),catcut_ae_出量_wl_02_1004 (1745713528495122),in_220902_chenweiyu_9X16_vido7-.mp4_002 (1745713539027986),ae,1.4.24,9dbc207d2d06c2ffe94fc413f97c2a80ef4737b2,1eb8,,,120,,,,,1
2022-10-20,2022-10-07,com.video.music.editor.maker,TikTok,catcut_伊斯兰_WSY_0918_阿联酋 (1744272685038641),cc_沙特_WSY_0921 (1744505458052145),in_220825_chenweiyu_9X16_vido17+1.mp4_001 (1744505461196849),ae,1.4.24,ac4b0bb81ee5d2bc6596de7b0a1776c196859b96,c69e150f22dc4f6894590d30de445955,,,120,,,,,1
2022-10-20,2022-10-11,com.video.music.editor.maker,Unattributed,,,,ae,1.4.24,972a3879a3cf7852d854c0a75b523ff6d6d4e27f,29c1e108699d4ee7b8cdcef979582d52,,,120,,,,,1
2022-10-20,2022-10-20,com.video.music.editor.maker,TikTok,catcut_gcc_13迭代_spc_wl_1013 (1746568453358610),catcut_gcc_13迭代_spc_wl_1013 (1746568453358626),in_221013_zhangguiping_1X1_vido1.mp4_001 (1746568454520834),ae,1.4.24,bb40a29d2d026c1ee739fa80eb42d972b0daf24d,0c952211e14a492da6781b3a3ce455dd,,,120,,,,,1
2022-10-20,2022-09-22,com.video.music.editor.maker,TikTok,catcut_mid_JY_0914_jingpin_chuliang (1743936836583458),catcut_mid_JY_0914_jingpin_chuliang (1743936836371473),vido03_chenweiyu_16X9_220728.mp4 (1743936845435906),ae,1.4.24,a852ec6131ce7b561deb83b017af2dcba2194955,bacc,,,120,,,,,1
2022-10-20,2022-10-12,com.video.music.editor.maker,Unattributed,,,,ae,1.4.24,bfe549d74e1c807960866ce0e336b35652ef99d7,a6d1d7dc9f284f58bfc2d99183002eec,,,120,,,,,1
2022-10-20,2022-09-24,com.video.music.editor.maker,TikTok,catcut_mid_JY_0914_jingpin_chuliang (1743936836583458),catcut_mid_JY_0914_jingpin_chuliang (1743936836371473),vido03_chenweiyu_16X9_220728.mp4 (1743936845435906),ae,1.4.24,a091d3174d0eb8918efe5326a88873972751d13f,2da2,,,120,,,,,1
2022-10-20,2022-10-12,com.video.music.editor.maker,Unattributed,,,,ae,1.4.24,bfe549d74e1c807960866ce0e336b35652ef99d7,0b92,,,120,,,,,1
2022-10-20,2022-09-24,com.video.music.editor.maker,TikTok,catcut_mid_JY_0914_jingpin_chuliang (1743936836583458),catcut_mid_JY_0914_jingpin_chuliang (1743936836371473),vido03_chenweiyu_16X9_220728.mp4 (1743936845435906),ae,1.4.24,a091d3174d0eb8918efe5326a88873972751d13f,e642,,,120,,,,,1
2022-10-20,2022-09-23,com.video.music.editor.maker,Organic,,,,ae,1.4.24,d641a8cf54a46120503b9df4da9cab1b7d6b4c93,2da2,,,120,,,,,1
2022-10-20,2022-09-25,com.video.music.editor.maker,TikTok,catcut_伊斯兰_WSY_0918 (1744272685038641),cc_沙特_WSY_0921 (1744505458052145),in_220902_chenweiyu_9X16_vido7.mp4_002 (1744505461195809),ae,1.4.24,4cd8c6459649ade9cd1e9a6b97fd57a18f73bc6b,b4c5,,,120,,,,,1
2022-10-20,2022-10-19,com.video.music.editor.maker,Organic,,,,ae,1.4.24,0e9a45755a9c916f93bb348ce6ccd7d924103f44,29c1e108699d4ee7b8cdcef979582d52,,,120,,,,,1
2022-10-20,2022-10-13,com.video.music.editor.maker,TikTok,catcut_阿联酋_WSY_1008 (1746102095237153),cc_阿联酋_WSY_1008 (1746102105288705),catcut_in_220920_liaoluhui_1X1_couple3.mp4_002 (1746102107907122),ae,1.4.24,417e946646cbb5f6601625eadb7c60d48670d837,0b9ece7567474c128c09d377be85919a,,,120,,,,,1
2022-10-20,2022-10-20,com.video.music.editor.maker,Unattributed,,,,ae,1.4.24,9515e6717592bb3e7af572482f372c49417a8b50,73e2be7abc2948c2ab2e63ce6b6ca2e7,,,120,,,,,1
2022-10-20,2022-10-12,com.video.music.editor.maker,TikTok,catcut_AE_JY_1003_couple (1745644120189969),catcut_AE_JY_1003_couple_1t5 (1745644135555122),catcut_in_220920_liaoluhui_1X1_couple3.mp4_001 (1745644146555921),ae,1.4.24,33231377c9f40157c3ace8fe597955067409b525,92af,,,120,,,,,1
2022-10-20,2022-10-20,com.video.music.editor.maker,TikTok,catcut_中东_WSY_1012_zgp (1746296507642898),catcut_中东_WSY_1012 (1746451611893778),in_221010_zhangguiping_1X1_vido5.mp4_001 (1746451617354786),ae,1.4.24,d83e30db288b9da59bd661894e2ea935081c2f0f,2c08ca956e2d4891b3fd05b4bd0c1551,,,120,,,,,1
2022-10-20,2022-09-24,com.video.music.editor.maker,TikTok,catcut_中东_WSY_0930 (1745363009158177),0930_catcut_中东_WSY_优秀素材 (1745363010721809),catcut_in_220920_liaoluhui_1X1_boy04.mp4_002 (1745363019792402),ae,1.4.24,ce0c3a8b5f0d48d151d987c8c29fd394dfe2fe57,6b2e,,,120,,,,,1
2022-10-20,2022-10-20,com.video.music.editor.maker,Unattributed,,,,ae,1.4.24,9515e6717592bb3e7af572482f372c49417a8b50,4e0c,,,120,,,,,1
2022-10-20,2022-10-12,com.video.music.editor.maker,TikTok,catcut_AE_JY_1003_couple (1745644120189969),catcut_AE_JY_1003_couple_1t5 (1745644135555122),catcut_in_220920_liaoluhui_1X1_couple3.mp4_001 (1745644146555921),ae,1.4.24,0074a2cb5b9c68971f4aafd6ffaa320a74bb0c87,6df6239d18964be399901f0de4b29f3f,,,120,,,,,1
2022-10-20,2022-10-13,com.video.music.editor.maker,Organic,,,,ae,1.4.24,624e859a92d9aaff6a6297f4c9d302339efaf44c,b340,,,120,,,,,1
2022-10-20,2022-10-20,com.video.music.editor.maker,Unattributed,,,,ae,1.4.24,9515e6717592bb3e7af572482f372c49417a8b50,d8dd2e5faeb046f1afe9281ac9d831a6,,,120,,,,,1
2022-10-20,2022-09-23,com.video.music.editor.maker,Organic,,,,ae,1.4.24,d641a8cf54a46120503b9df4da9cab1b7d6b4c93,29da507a4ede4274945ce48f245749c2,,,120,,,,,1
2022-10-20,2022-10-20,com.video.music.editor.maker,TikTok,catcut_中东_WSY_1012_zgp (1746296507642898),catcut_中东_WSY_1012 (1746451611893778),in_221010_zhangguiping_1X1_vido5.mp4_001 (1746451617354786),ae,1.4.24,d83e30db288b9da59bd661894e2ea935081c2f0f,7590,,,120,,,,,1
2022-10-20,2022-10-01,com.video.music.editor.maker,TikTok,catcut_gcc_出量_wl_02_0921 (1744578549881857),catcut_gcc_出量_wl_02_0921 (1744578548646930),in_220831_chenweiyu_9X16_vido3--24.mp4_001 (1744578552747042),ae,1.4.24,0f2d5c07b84a606d4e66d47de2862f3cdf20ebac,4dc9,,,120,,,,,1
2022-10-20,2022-10-03,com.video.music.editor.maker,TikTok,catcut_伊斯兰_WSY_0918_阿联酋 (1744272685038641),cc_沙特_WSY_0921 (1744505458052145),pk_210816_chenweiyu_1X1_vido03.mp4_001 (1744505458075665),ae,1.4.24,f8921875f365f20ef1f5ab3b12fb128f3be4b723,3d23,,,120,,,,,1
2022-10-20,2022-09-24,com.video.music.editor.maker,TikTok,catcut_mid_JY_0914_jingpin_chuliang (1743936836583458),catcut_mid_JY_0914_jingpin_chuliang (1743936836371473),vido03_chenweiyu_16X9_220728.mp4 (1743936845435906),ae,1.4.24,a091d3174d0eb8918efe5326a88873972751d13f,d739c255ecbe460399986f0a2bfad48b,,,120,,,,,1
2022-10-20,2022-10-12,com.video.music.editor.maker,TikTok,catcut_AE_JY_1003_couple (1745644120189969),catcut_AE_JY_1003_couple_1t5 (1745644135555122),catcut_in_220920_liaoluhui_1X1_couple3.mp4_001 (1745644146555921),ae,1.4.24,4a6fc1fa8ce9b23ffe5387ba27770816393ab360,ee81f019dc0f472687b59d513bbe31c3,,,120,,,,,1
2022-10-20,2022-10-19,com.video.music.editor.maker,Organic,,,,ae,1.4.24,0e9a45755a9c916f93bb348ce6ccd7d924103f44,cae2dc8507514928854a229baa1702d6,,,120,,,,,1
2022-10-20,2022-10-20,com.video.music.editor.maker,TikTok,catcut_ae_cp1-5_wl_02_1010 (1746294937353249),catcut_ae_cp1-5_wl_02_1010 (1746294943790098),catcut_in_220920_liaoluhui_1X1_couple3.mp4_001 (1746295047880721),ae,1.4.24,0e19aae89eeb1f3b977611981c290f8e4269f6bf,72a48499787a4386a17c300ca601fd8a,,,120,,,,,1
2022-10-20,2022-09-24,com.video.music.editor.maker,TikTok,catcut_中东_WSY_0930 (1745363009158177),0930_catcut_中东_WSY_优秀素材 (1745363010721809),catcut_in_220920_liaoluhui_1X1_boy04.mp4_002 (1745363019792402),ae,1.4.24,ce0c3a8b5f0d48d151d987c8c29fd394dfe2fe57,be4ddc039bea4308aace52b24017c3bd,,,120,,,,,1
2022-10-20,2022-10-13,com.video.music.editor.maker,Untrusted Devices,Anonymous IPs,,,ae,1.4.24,79cb777b25854992dcd177ec4eacd8575c360e28,4e40,,,120,,,,,1
2022-10-20,2022-10-20,com.video.music.editor.maker,Unattributed,,,,ae,1.4.24,9515e6717592bb3e7af572482f372c49417a8b50,9f0c,,,120,,,,,1
2022-10-20,2022-10-13,com.video.music.editor.maker,TikTok,catcut_中东_WSY_0930 (1745363009158177),0930_catcut_中东_WSY_优秀素材 (1745363010721809),catcut_in_220920_liaoluhui_1X1_boy05.mp4_005 (1745363019796514),ae,1.4.24,21e0aeaa3aef167957a7f0c127fabd3aa22ad007,062456ab1d6f4262b77aa714da77e39b,,,120,,,,,1
2022-10-20,2022-10-20,com.video.music.editor.maker,Unattributed,,,,ae,1.4.24,9515e6717592bb3e7af572482f372c49417a8b50,1eb8,,,120,,,,,1
2022-10-20,2022-10-20,com.video.music.editor.maker,Unattributed,,,,ae,1.4.24,9515e6717592bb3e7af572482f372c49417a8b50,72a48499787a4386a17c300ca601fd8a,,,120,,,,,1
2022-10-20,2022-10-20,com.video.music.editor.maker,TikTok,catcut_中东_WSY_1012_zgp (1746296507642898),catcut_中东_WSY_1012 (1746451611893778),in_221010_zhangguiping_1X1_vido5.mp4_001 (1746451617354786),ae,1.4.24,d83e30db288b9da59bd661894e2ea935081c2f0f,c4bd9fd8a7fe478882e239c35cbb3292,,,120,,,,,1
2022-10-20,2022-10-12,com.video.music.editor.maker,TikTok,catcut_AE_JY_1003_couple (1745644120189969),catcut_AE_JY_1003_couple_1t5 (1745644135555122),catcut_in_220920_liaoluhui_1X1_couple3.mp4_001 (1745644146555921),ae,1.4.24,35d02f2a6e48622d0410d4ab577166324ba2d170,2c08ca956e2d4891b3fd05b4bd0c1551,,,120,,,,,1
2022-10-20,2022-10-20,com.video.music.editor.maker,Unattributed,,,,ae,1.4.24,9515e6717592bb3e7af572482f372c49417a8b50,4dc9,,,120,,,,,1
2022-10-20,2022-10-12,com.video.music.editor.maker,Organic,,,,ae,1.4.24,6ff76631394280a8a39b2bd567026b8335ce6133,29da507a4ede4274945ce48f245749c2,,,120,,,,,1
2022-10-20,2022-09-25,com.video.music.editor.maker,TikTok,catcut_伊斯兰_WSY_0918 (1744272685038641),cc_沙特_WSY_0921 (1744505458052145),in_220902_chenweiyu_9X16_vido7.mp4_002 (1744505461195809),ae,1.4.24,4cd8c6459649ade9cd1e9a6b97fd57a18f73bc6b,8d526a9913a545eb8a49f9a27ba7b298,,,120,,,,,1
2022-10-20,2022-10-12,com.video.music.editor.maker,TikTok,catcut_AE_JY_1003_couple (1745644120189969),catcut_AE_JY_1003_couple_1t5 (1745644135555122),catcut_in_220920_liaoluhui_1X1_couple3.mp4_001 (1745644146555921),ae,1.4.24,0074a2cb5b9c68971f4aafd6ffaa320a74bb0c87,d739c255ecbe460399986f0a2bfad48b,,,120,,,,,1
2022-10-20,2022-10-01,com.video.music.editor.maker,TikTok,catcut_gcc_出量_wl_02_0921 (1744578549881857),catcut_gcc_出量_wl_02_0921 (1744578548646930),in_220831_chenweiyu_9X16_vido3--24.mp4_001 (1744578552747042),ae,1.4.24,0f2d5c07b84a606d4e66d47de2862f3cdf20ebac,29da507a4ede4274945ce48f245749c2,,,120,,,,,1
2022-10-20,2022-10-11,com.video.music.editor.maker,TikTok,catcut_AE_JY_1003_couple (1745644120189969),catcut_AE_JY_1003_couple_1t5 (1745644135555122),catcut_in_220920_liaoluhui_1X1_couple3.mp4_001 (1745644146555921),ae,1.4.24,a860e6e77e8a7b3e8091809313706af62859a462,756e537039f94e869d592a64117a752c,,,120,,,,,1
2022-10-20,2022-09-25,com.video.music.editor.maker,TikTok,catcut_伊斯兰_WSY_0918 (1744272685038641),cc_沙特_WSY_0921 (1744505458052145),in_220902_chenweiyu_9X16_vido7.mp4_002 (1744505461195809),ae,1.4.24,4cd8c6459649ade9cd1e9a6b97fd57a18f73bc6b,2da2,,,120,,,,,1
2022-10-20,2022-10-20,com.video.music.editor.maker,Unattributed,,,,ae,1.4.24,9515e6717592bb3e7af572482f372c49417a8b50,2134ec29ee42499f86586b8366dbf214,,,120,,,,,1
2022-10-20,2022-10-18,com.video.music.editor.maker,Organic,,,,ae,1.4.24,437ef2244092e9329f17b7b73e355be892c8e718,92af,,,120,,,,,1
2022-10-20,2022-10-18,com.video.music.editor.maker,TikTok,catcut_gcc_14迭代_spc_wl_1014 (1746663879686162),catcut_gcc_14迭代_spc_wl_1014 (1746663879686178),in_221014_zhangguiping_1X1_vido1.mp4_001 (1746663888092242),ae,1.4.24,c0b902dfb940ff1095c5bc084c982d42e87ad2a0,3378a055e4e748b9b42679548ba0ccb7,,,120,,,,,1
2022-10-20,2022-10-19,com.video.music.editor.maker,Organic,,,,ae,1.4.24,0e9a45755a9c916f93bb348ce6ccd7d924103f44,da82,,,120,,,,,1
2022-10-20,2022-10-11,com.video.music.editor.maker,Unattributed,,,,ae,1.4.24,972a3879a3cf7852d854c0a75b523ff6d6d4e27f,2bab,,,120,,,,,1
2022-10-20,2022-10-12,com.video.music.editor.maker,Unattributed,,,,ae,1.4.24,bfe549d74e1c807960866ce0e336b35652ef99d7,4dc9,,,120,,,,,1
2022-10-20,2022-09-24,com.video.music.editor.maker,TikTok,catcut_mid_JY_0914_jingpin_chuliang (1743936836583458),catcut_mid_JY_0914_jingpin_chuliang (1743936836371473),vido03_chenweiyu_16X9_220728.mp4 (1743936845435906),ae,1.4.24,a091d3174d0eb8918efe5326a88873972751d13f,489c0c28c18a4ed1a309e1ecdbe3b0e5,,,120,,,,,1
2022-10-20,2022-10-07,com.video.music.editor.maker,Bigo,catcut_中东_wsy_0930,catcut_中东_wsy_boy,iaoluhui_1X1_boy05.mp4,ae,1.4.24,463565de2d9937031aa2144f2b6ae19f05af7d59,0b2e,,,120,,,,,1
2022-10-20,2022-10-12,com.video.music.editor.maker,Organic,,,,ae,1.4.24,6ff76631394280a8a39b2bd567026b8335ce6133,284c240e87cf4f04b8800797a7926f76,,,120,,,,,1
2022-10-20,2022-10-05,com.video.music.editor.maker,TikTok,catcut_gcc_出量_wl_02_0921 (1744578549881857),catcut_gcc_出量_wl_02_0921 (1744578548646930),in_220831_chenweiyu_9X16_vido3--24.mp4_001 (1744578552747042),ae,1.4.24,9dabf0895230d678eacd3c77cdb9082eb4d99b5b,de28,,,120,,,,,1
2022-10-20,2022-10-11,com.video.music.editor.maker,TikTok,catcut_gcc_出量_wl_02_0922 (1744665743244305),catcut_gcc_出量_wl_02_0922 (1744665736607762),pk_210830_chinweiyu_1X1_vido16.mp4_004 (1744665748789297),ae,1.4.24,5ad60c99eb3ba9a1c63d7d7e11fc631feb6e58f2,37b6,,,120,,,,,1
2022-10-20,2022-10-20,com.video.music.editor.maker,TikTok,catcut_中东_WSY_0930 (1745363009158177),0930_catcut_中东_WSY_优秀素材 (1745363010721809),catcut_in_220920_liaoluhui_1X1_boy04.mp4_002 (1745363019792402),ae,1.4.24,99cdb169ca39db2fa8165b9c5298a657c0fc919d,b340,,,120,,,,,1
2022-10-20,2022-10-11,com.video.music.editor.maker,TikTok,catcut_AE_JY_1003_couple (1745644120189969),catcut_AE_JY_1003_couple_1t5 (1745644135555122),catcut_in_220920_liaoluhui_1X1_couple3.mp4_001 (1745644146555921),ae,1.4.24,a860e6e77e8a7b3e8091809313706af62859a462,c1a8,,,120,,,,,1
2022-10-20,2022-10-20,com.video.music.editor.maker,Unattributed,,,,ae,1.4.24,9515e6717592bb3e7af572482f372c49417a8b50,2760,,,120,,,,,1
2022-10-20,2022-10-20,com.video.music.editor.maker,TikTok,catcut_中东_WSY_0930 (1745363009158177),0930_catcut_中东_WSY_优秀素材 (1745363010721809),catcut_in_220920_liaoluhui_1X1_boy04.mp4_002 (1745363019792402),ae,1.4.24,99cdb169ca39db2fa8165b9c5298a657c0fc919d,0c952211e14a492da6781b3a3ce455dd,,,120,,,,,1
2022-10-20,2022-10-20,com.video.music.editor.maker,Unattributed,,,,ae,1.4.24,9515e6717592bb3e7af572482f372c49417a8b50,9f5d34795cef4f3285e97e45fe02c7e3,,,120,,,,,1
2022-10-20,2022-10-01,com.video.music.editor.maker,TikTok,catcut_gcc_出量_wl_02_0921 (1744578549881857),catcut_gcc_出量_wl_02_0921 (1744578548646930),in_220831_chenweiyu_9X16_vido3--24.mp4_001 (1744578552747042),ae,1.4.24,0f2d5c07b84a606d4e66d47de2862f3cdf20ebac,578a,,,120,,,,,1
2022-10-20,2022-10-16,com.video.music.editor.maker,TikTok,catcut_阿联酋_WSY_1008 (1746102095237153),cc_阿联酋_WSY_1008 (1746102105288705),catcut_in_220920_liaoluhui_1X1_couple3.mp4_002 (1746102107907122),ae,1.4.24,86f48f5f0cca166a3db46f96e824a0ab0fb63d1c,181b19fdf9f243bfb72b3de99ad11c6c,,,120,,,,,1
2022-10-20,2022-10-14,com.video.music.editor.maker,TikTok,catcut_ae_cp1-5_wl_02_1010 (1746294937353249),catcut_ae_cp1-5_wl_02_1010 (1746294943790098),catcut_in_220920_liaoluhui_1X1_couple3.mp4_004 (1746295047881729),ae,1.4.24,38a92c19eca884fedb7d87a5d1ccacfa685d82a7,062456ab1d6f4262b77aa714da77e39b,,,120,,,,,1
2022-10-20,2022-10-12,com.video.music.editor.maker,TikTok,catcut_ae_出量_wl_02_1004 (1745713530137634),catcut_ae_出量_wl_02_1004 (1745713528495122),in_220902_chenweiyu_9X16_vido7-.mp4_002 (1745713539027986),ae,1.4.24,9dbc207d2d06c2ffe94fc413f97c2a80ef4737b2,2bab,,,120,,,,,1
2022-10-20,2022-10-20,com.video.music.editor.maker,TikTok,catcut_gcc_10出量_spc_wl_1019 (1747111901035522),广告组 20221019063247 (1747111901035538),in_221010_zhangguiping_1X1_vido5.mp4_004 (1747111909774354),ae,1.4.24,0b1fe90c1209a289ea08f930f111ce5d24dae37d,0aac,,,120,,,,,1
2022-10-20,2022-10-20,com.video.music.editor.maker,TikTok,catcut_中东_WSY_0930 (1745363009158177),0930_catcut_中东_WSY_优秀素材 (1745363010721809),catcut_in_220920_liaoluhui_1X1_boy04.mp4_002 (1745363019792402),ae,1.4.24,99cdb169ca39db2fa8165b9c5298a657c0fc919d,3190,,,120,,,,,1
2022-10-20,2022-10-11,com.video.music.editor.maker,TikTok,catcut_中东_wsy_1008 (1746102813884465),1008_catcut_中东_WSY (1746102815415394),09-超级月亮.mp4_003 (1746102820600881),ae,1.4.24,334d682850299dd6a28433ec9c3650628cac3014,9f0c,,,120,,,,,1
2022-10-20,2022-10-18,com.video.music.editor.maker,TikTok,catcut_gcc_14迭代_spc_wl_1014 (1746663879686162),catcut_gcc_14迭代_spc_wl_1014 (1746663879686178),in_221014_zhangguiping_1X1_vido1.mp4_001 (1746663888092242),ae,1.4.24,c0b902dfb940ff1095c5bc084c982d42e87ad2a0,e8c9,,,120,,,,,1
2022-10-20,2022-10-20,com.video.music.editor.maker,TikTok,catcut_ae_出量_wl_02_1004 (1745713530137634),catcut_ae_出量_wl_02_1004 (1745713528495122),in_220902_chenweiyu_9X16_vido7-.mp4_001 (1745713539027970),ae,1.4.24,e1209f1e3828a40e3e657c826b4bfd2136395e4c,3378a055e4e748b9b42679548ba0ccb7,,,120,,,,,1
2022-10-20,2022-10-07,com.video.music.editor.maker,TikTok,catcut_伊斯兰_WSY_0918_阿联酋 (1744272685038641),cc_沙特_WSY_0921 (1744505458052145),in_220825_chenweiyu_9X16_vido17+1.mp4_001 (1744505461196849),ae,1.4.24,ac4b0bb81ee5d2bc6596de7b0a1776c196859b96,2592,,,120,,,,,1
2022-10-20,2022-10-05,com.video.music.editor.maker,TikTok,catcut_gcc_出量_wl_02_0922 (1744665743244305),catcut_gcc_出量_wl_02_0922 (1744665736607762),pk_210830_chinweiyu_1X1_vido16.mp4_001 (1744665748789249),ae,1.4.24,c9dca6341e2cb33d3561fea39f6b4748cb98a71c,2a3d,,,120,,,,,1
2022-10-20,2022-10-19,com.video.music.editor.maker,Organic,,,,ae,1.4.24,0e9a45755a9c916f93bb348ce6ccd7d924103f44,9f0c,,,120,,,,,1
2022-10-20,2022-09-25,com.video.music.editor.maker,TikTok,catcut_伊斯兰_WSY_0918 (1744272685038641),cc_沙特_WSY_0921 (1744505458052145),in_220902_chenweiyu_9X16_vido7.mp4_002 (1744505461195809),ae,1.4.24,4cd8c6459649ade9cd1e9a6b97fd57a18f73bc6b,7590,,,120,,,,,1
2022-10-20,2022-10-20,com.video.music.editor.maker,TikTok,catcut_gcc_10出量_spc_wl_1019 (1747111901035522),广告组 20221019063247 (1747111901035538),in_221010_zhangguiping_1X1_vido5.mp4_004 (1747111909774354),ae,1.4.24,0b1fe90c1209a289ea08f930f111ce5d24dae37d,1cff,,,120,,,,,1
2022-10-20,2022-09-29,com.video.music.editor.maker,TikTok,catcut_伊斯兰_WSY_0918_阿联酋 (1744272685038641),cc_沙特_WSY_0921 (1744505458052145),pk_210816_chenweiyu_1X1_vido03.mp4_002 (1744505458075681),ae,1.4.24,f045e6090ed2e5c90413e0d147edf8436d43d9bd,f34c7cbe71654280ae3e519ed19b389e,,,120,,,,,1
2022-10-20,2022-10-01,com.video.music.editor.maker,TikTok,catcut_gcc_出量_wl_02_0921 (1744578549881857),catcut_gcc_出量_wl_02_0921 (1744578548646930),in_220831_chenweiyu_9X16_vido3--24.mp4_001 (1744578552747042),ae,1.4.24,0f2d5c07b84a606d4e66d47de2862f3cdf20ebac,0b92,,,120,,,,,1
2022-10-20,2022-10-05,com.video.music.editor.maker,TikTok,catcut_gcc_出量_wl_02_0922 (1744665743244305),catcut_gcc_出量_wl_02_0922 (1744665736607762),pk_210830_chinweiyu_1X1_vido16.mp4_001 (1744665748789249),ae,1.4.24,c9dca6341e2cb33d3561fea39f6b4748cb98a71c,d8dd2e5faeb046f1afe9281ac9d831a6,,,120,,,,,1
2022-10-20,2022-10-11,com.video.music.editor.maker,TikTok,catcut_gcc_出量_wl_02_0922 (1744665743244305),catcut_gcc_出量_wl_02_0922 (1744665736607762),pk_210830_chinweiyu_1X1_vido16.mp4_004 (1744665748789297),ae,1.4.24,5ad60c99eb3ba9a1c63d7d7e11fc631feb6e58f2,c4bd9fd8a7fe478882e239c35cbb3292,,,120,,,,,1
2022-10-20,2022-09-25,com.video.music.editor.maker,TikTok,catcut_伊斯兰_WSY_0918 (1744272685038641),cc_沙特_WSY_0921 (1744505458052145),in_220902_chenweiyu_9X16_vido7.mp4_002 (1744505461195809),ae,1.4.24,4cd8c6459649ade9cd1e9a6b97fd57a18f73bc6b,2bab,,,120,,,,,1
2022-10-20,2022-09-28,com.video.music.editor.maker,TikTok,catcut_mid_JY_0914_jingpin_chuliang (1743936836583458),catcut_mid_JY_0914_jingpin_chuliang (1743936836371473),文件01.mp4_2022-08-24 17:24:31 (1743936845421570),ae,1.4.24,5dcf0c779a72a268bd48d977fb732c3d590c61d3,181b19fdf9f243bfb72b3de99ad11c6c,,,120,,,,,1
2022-10-20,2022-10-12,com.video.music.editor.maker,Organic,,,,ae,1.4.24,3444a1b8ab93fdb9e5957c8c14b196ac2aa96a1e,131ccec8098b4b3bad175838254e382b,,,120,,,,,1
2022-10-20,2022-10-12,com.video.music.editor.maker,Organic,,,,ae,1.4.24,3444a1b8ab93fdb9e5957c8c14b196ac2aa96a1e,095c08d524554c7f8b0b2f12d3f6cb3f,,,120,,,,,1
2022-10-20,2022-10-20,com.video.music.editor.maker,TikTok,catcut_中东_WSY_0930 (1745363009158177),0930_catcut_中东_WSY_优秀素材 (1745363010721809),catcut_in_220920_liaoluhui_1X1_boy04.mp4_002 (1745363019792402),ae,1.4.24,99cdb169ca39db2fa8165b9c5298a657c0fc919d,9f0c,,,120,,,,,1
2022-10-20,2022-10-09,com.video.music.editor.maker,Organic,,,,ae,1.4.24,26f71547e4c52b2fba6a132ca292510e3ef0ac38,2d9c,,,120,,,,,1
2022-10-20,2022-10-20,com.video.music.editor.maker,TikTok,catcut_中东_WSY_1012_zgp (1746296507642898),catcut_中东_WSY_1012 (1746451611893778),in_221010_zhangguiping_1X1_vido5.mp4_001 (1746451617354786),ae,1.4.24,d83e30db288b9da59bd661894e2ea935081c2f0f,0697b8cce01e435392decb5fabaab25e,,,120,,,,,1
2022-10-20,2022-10-20,com.video.music.editor.maker,TikTok,catcut_中东_WSY_0930 (1745363009158177),0930_catcut_中东_WSY_优秀素材 (1745363010721809),catcut_in_220920_liaoluhui_1X1_boy05.mp4_005 (1745363019796514),ae,1.4.24,c8afbbab895ca9bf1e586bfa968ac6d370a579bb,ffac,,,120,,,,,1
2022-10-20,2022-10-18,com.video.music.editor.maker,Organic,,,,ae,1.4.24,437ef2244092e9329f17b7b73e355be892c8e718,29c1e108699d4ee7b8cdcef979582d52,,,120,,,,,1
2022-10-20,2022-10-07,com.video.music.editor.maker,Bigo,catcut_中东_wsy_0930,catcut_中东_wsy_boy,iaoluhui_1X1_boy05.mp4,ae,1.4.24,463565de2d9937031aa2144f2b6ae19f05af7d59,4ea6,,,120,,,,,1
2022-10-20,2022-10-20,com.video.music.editor.maker,Unattributed,,,,ae,1.4.24,9515e6717592bb3e7af572482f372c49417a8b50,0b92,,,120,,,,,1
2022-10-20,2022-09-25,com.video.music.editor.maker,TikTok,catcut_伊斯兰_WSY_0918 (1744272685038641),cc_沙特_WSY_0921 (1744505458052145),in_220902_chenweiyu_9X16_vido7.mp4_002 (1744505461195809),ae,1.4.24,4cd8c6459649ade9cd1e9a6b97fd57a18f73bc6b,0b92,,,120,,,,,1
2022-10-20,2022-10-12,com.video.music.editor.maker,TikTok,catcut_AE_JY_1003_couple (1745644120189969),catcut_AE_JY_1003_couple_1t5 (1745644135555122),catcut_in_220920_liaoluhui_1X1_couple3.mp4_001 (1745644146555921),ae,1.4.24,33231377c9f40157c3ace8fe597955067409b525,7811062ad782457eb7039e1bc466ca8b,,,120,,,,,1
2022-10-20,2022-10-20,com.video.music.editor.maker,TikTok,catcut_ae_cp1-5_wl_02_1010 (1746294937353249),catcut_ae_cp1-5_wl_02_1010 (1746294943790098),catcut_in_220920_liaoluhui_1X1_couple3.mp4_001 (1746295047880721),ae,1.4.24,427e84482f2765c45a88575b4f377d5dded513e1,296cb3868ef2476ba85689dde918eb4a,,,120,,,,,1
2022-10-20,2022-10-20,com.video.music.editor.maker,TikTok,catcut_中东_WSY_0930 (1745363009158177),0930_catcut_中东_WSY_优秀素材 (1745363010721809),catcut_in_220920_liaoluhui_1X1_boy05.mp4_005 (1745363019796514),ae,1.4.24,c8afbbab895ca9bf1e586bfa968ac6d370a579bb,2a2b4f212a5b4a4e85bd80484c62502a,,,120,,,,,1
2022-10-20,2022-10-12,com.video.music.editor.maker,Untrusted Devices,Anonymous IPs,,,ae,1.4.24,9fc231e70550d077fcf3cd411e5137ec22415ce4,1894,,,120,,,,,1
2022-10-20,2022-10-20,com.video.music.editor.maker,TikTok,catcut_gcc_13迭代_spc_wl_1013 (1746568453358610),catcut_gcc_13迭代_spc_wl_1013 (1746568453358626),in_221013_zhangguiping_1X1_vido1.mp4_001 (1746568454520834),ae,1.4.24,bb40a29d2d026c1ee739fa80eb42d972b0daf24d,3969bde9ca4f45b2bbeb4eaec5bcdab6,,,120,,,,,1
2022-10-20,2022-09-25,com.video.music.editor.maker,TikTok,catcut_伊斯兰_WSY_0918 (1744272685038641),cc_沙特_WSY_0921 (1744505458052145),in_220902_chenweiyu_9X16_vido7.mp4_002 (1744505461195809),ae,1.4.24,4cd8c6459649ade9cd1e9a6b97fd57a18f73bc6b,dc668ecf571f4b45a53f2e1b2dda35e2,,,120,,,,,1